pl_name,pl_orbper,pl_orbsmax,pl_rade,pl_masse,pl_orbeccen,pl_eqt,st_teff,st_mass,sy_dist
55 Cnc e,0.7365437,0.01544,2.08,7.81,0.061,1958,5234,0.91,12.5855
AU Mic b,8.463,0.0645,4.07,17,0,593,3700,0.5,9.7221
AU Mic c,18.859019,0.1101,3.24,13.6,0,454,3700,0.5,9.7221
BD+20 594 b,41.6855,0.241,2.23,16.3,0,546,5766,0.96,179.461
CoRoT-10 b,13.2406,0.1055,10.87,874,0.53,600,5075,0.89,338.386
CoRoT-11 b,2.99433,0.0436,16.03,740.51,0,1657,6440,1.27,655.037
CoRoT-12 b,2.828042,0.04016,16.14,291.438,0.07,1442,5675,1.08,1126.37
CoRoT-13 b,4.03519,0.051,9.92,415.704,0,1700,5945,1.09,1148.93
CoRoT-14 b,1.51214,0.027,12.22,2415.4,0,1952,6035,1.13,1744.6
CoRoT-17 b,3.7681,0.0461,11.43,772.29,0,1626,5740,1.04,1176.12
CoRoT-18 b,1.9000693,0.0295,14.68,1102.82,0.08,1550,5440,0.95,764.889
CoRoT-19 b,3.89713,0.0518,14.46,352.78,0.047,2000,6090,1.21,790.663
CoRoT-20 b,9.24285,0.0902,9.42,1347.54,0.562,1002,5880,1.14,844.061
CoRoT-22 b,9.75598,0.092,4.88,12.2,0.077,885,5939,1.1,627.158
CoRoT-23 b,3.6313,0.048,11.77,889.9,0.16,1660,5900,1.14,1060.97
CoRoT-24 b,5.1134,0.056,3.7,5.7,0,1070,4950,0.91,591.555
CoRoT-24 c,11.759,0.098,5,28,0,850,4950,0.91,591.555
CoRoT-25 b,4.86069,0.0578,12.11,85.81,0,1330,6040,1.09,1103.48
CoRoT-26 b,4.20474,0.0526,14.12,165.26,0,1600,5590,1.09,1045.18
CoRoT-27 b,3.57532,0.0476,11.287,3302.11,0.065,1500,5900,1.05,1010.28
CoRoT-35 b,3.22748,0.0429,18.831,349.61125,0,1747,6390,1.01,1123.21
CoRoT-36 b,5.616531,0.066,15.805,216.12332,0,1567,6730,1.32,925.958
CoRoT-4 b,9.20205,0.09,13.34,228.83,0,1074,6190,1.16,726.412
CoRoT-5 b,4.0378962,0.04947,15.558,148.42,0.09,1438,6100,1,882.472
CoRoT-6 b,8.886593,0.0855,13.068,940.74,0.1,1017,6090,1.05,645.294
CoRoT-7 b,0.85359159,0.017016,1.585,5.74,0,1756,5259,0.91,159.906
CoRoT-9 b,95.272656,0.4021,11.949,266.9772,0.133,420,5625,0.96,412.98
EPIC 211945201 b,19.49213,0.148,6.12,27,0,886,6025,1.18,181.69
EPIC 220674823 b,0.571292,0.0116,1.52,8.36,0,2333,5470,0.94,244.59
EPIC 220674823 c,13.3397,0.105,2.5,5.8,0.18,774,5470,0.94,244.59
EPIC 248847494 b,3650,4.5,12.442,4131.79,0,183,4898,0.9,551.886
EPIC 249893012 b,3.5951,0.047,1.95,8.75,0.06,1616,5430,1.05,321.296
EPIC 249893012 c,15.624,0.13,3.67,14.67,0.07,990,5430,1.05,321.296
EPIC 249893012 d,35.747,0.22,3.94,10.18,0.15,752,5430,1.05,321.296
G 9-40 b,5.746007,0.0385,2.025,11.7,0,456,3348,0.29,27.9276
GJ 1132 b,1.628931,0.0153,1.13,1.66,0.22,529,3270,0.18,12.613
GJ 1214 b,1.58040433,0.0149,2.742,8.17,0.063,596,3250,0.18,14.6427
GJ 1252 b,0.5182349,0.00916,1.193,2.09,0,1089,3458,0.38,20.373
GJ 143 b,35.61253,0.1915,2.61,22.7,0.188,422,4640,0.73,16.32
GJ 3090 b,2.853136,0.03165,2.13,3.34,0.32,693,3556,0.52,22.4751
GJ 3470 b,3.33714,0.0348,4.2,14,0.051,615,3600,0.54,29.4214
GJ 3470 b,3.3366487,0.031,3.88,13.73,0.017,604,3652,0.51,29.4214
GJ 3473 b,1.1980035,0.01589,1.264,1.86,0,773,3347,0.36,27.3644
GJ 367 b,0.321962,0.0071,0.718,0.546,0,1745,3522,0.45,9.41263
GJ 3929 b,2.616235,0.0252,1.09,1.75,0,568,3384,0.31,15.8095
GJ 486 b,1.467119,0.01734,1.305,2.82,0.05,701,3340,0.32,8.07426
GPX-1 b,1.744579,0.0338,16.477,6261.21962,0,2300,7000,1.68,655.013
HAT-P-11 b,4.8878162,0.053,4.73,25.743,0.198,878,4780,0.81,37.7647
HAT-P-12 b,3.2130598,0.0384,10.749,67.059,0,963,4650,0.73,142.751
HAT-P-13 b,2.91626,0.0427,14.359,271.098,0.021,1653,5653,1.22,246.81
HAT-P-14 b,4.627669,0.0606,12.89,709.367,0.107,1570,6600,1.39,222.663
HAT-P-14 b,4.627649,0.0596,13.451,724.6524,0.066,1612,6583,1.32,222.663
HAT-P-15 b,10.863502,0.0964,12.016,618.471,0.19,904,5568,1.01,192.516
HAT-P-16 b,2.77596,0.0413,14.448,1332.605,0.036,1626,6158,1.22,226.637
HAT-P-17 b,10.338523,0.0882,11.321,169.71,0.342,792,5246,0.86,92.3831
HAT-P-18 b,5.507978,0.0559,10.615,62.29468,0.009,841,4870,0.77,161.4
HAT-P-18 b,5.508023,0.0559,11.153,62.61,0.084,852,4803,0.77,161.4
HAT-P-19 b,4.008778,0.0466,12.689,92.802,0.067,1010,4990,0.84,202.078
HAT-P-2 b,5.6334729,0.06878,12.969,2888.95,0.5171,1540,6290,1.36,127.774
HAT-P-20 b,2.875317,0.0361,9.718,2302.899,0.015,970,4595,0.76,71.0374
HAT-P-20 b,2.87531694,0.03593,11.489,2294.7326,0.0172,964,4595,0.74,71.0374
HAT-P-21 b,4.124481,0.0494,11.478,1291.289,0.228,1283,5588,0.95,277.278
HAT-P-22 b,3.21222,0.0414,12.106,682.352,0.016,1283,5302,0.92,81.7647
HAT-P-23 b,1.212884,0.0232,15.334,664.237,0.106,2056,5905,1.13,364.813
HAT-P-23 b,1.21288287,0.02302,13.72,658,0,1951,5885,1.1,364.813
HAT-P-24 b,3.35524,0.0465,13.922,217.704,0.067,1637,6373,1.19,415.344
HAT-P-25 b,3.652836,0.0466,13.339,180.202,0.032,1202,5500,1.01,300.384
HAT-P-25 b,3.65281514,0.0466,12.722,180.84527,0.023,1182,5519,1.01,300.384
HAT-P-26 b,4.234516,0.0479,6.333,18.751,0.124,1001,5079,0.82,141.837
HAT-P-28 b,3.257215,0.0434,13.585,198.953,0.051,1384,5680,1.02,401.319
HAT-P-29 b,5.723186,0.0667,12.408,247.261,0.095,1260,6087,1.21,313.576
HAT-P-29 b,5.72339,0.0665,11.926,243.77561,0.075,1271,6115,1.2,313.576
HAT-P-30 b,2.810595,0.0419,15.02,225.968,0.035,1630,6304,1.24,213.985
HAT-P-31 b,5.005425,0.055,11.99,689.98,0.245,1450,6065,1.22,344.05
HAT-P-32 b,2.150008,0.0343,20.053,273.322,0,1786,6207,1.16,289.205
HAT-P-32 b,2.1500082,0.03397,22.194,216.1244,0.159,1836,6001,1.13,289.205
HAT-P-33 b,3.474474,0.0499,18.898,242.176,0,1782,6446,1.38,396.11
HAT-P-34 b,5.452654,0.0677,13.417,1057.694,0.441,1520,6442,1.39,249.325
HAT-P-35 b,3.646706,0.0498,14.93,334.979,0.025,1581,6096,1.24,506.965
HAT-P-36 b,1.3273466,0.02402,15.211,611.82275,0.063,1820,5560,1.05,294.419
HAT-P-36 b,1.327347,0.0238,14.168,582.24,0.063,1823,5560,1.02,294.419
HAT-P-37 b,2.797436,0.0379,13.204,371.528,0.058,1271,5500,0.93,390.594
HAT-P-38 b,4.640382,0.0523,9.247,84.857,0.067,1082,5330,0.89,255.206
HAT-P-39 b,3.54387,0.0509,17.609,190.372,0,1752,6430,1.4,697.004
HAT-P-40 b,4.457243,0.0608,19.392,195.457,0,1770,6080,1.51,464.469
HAT-P-41 b,2.694047,0.0426,18.887,254.253,0,1941,6390,1.42,348.185
HAT-P-42 b,4.641878,0.0575,14.348,331.801,0,1428,5743,1.18,405.238
HAT-P-43 b,3.332687,0.0443,14.359,210.395,0,1361,5645,1.05,528.825
HAT-P-44 b,4.301219,0.0507,13.922,111.871,0.044,1108,5295,0.94,347.85
HAT-P-45 b,3.128992,0.0452,15.984,283.492,0.049,1652,6330,1.26,298.64
HAT-P-46 b,4.463129,0.0577,14.392,156.684,0.123,1458,6120,1.28,290.736
HAT-P-49 b,2.691548,0.0438,15.838,549.823,0,2131,6820,1.54,350.351
HAT-P-50 b,3.1220109,0.0453,14.437,429.0705,0.115,1862,6280,1.27,515.458
HAT-P-51 b,4.2180278,0.05069,14.493,98.20947,0.123,1192,5449,0.98,440.089
HAT-P-52 b,2.7535953,0.03694,11.31,259.98494,0.047,1218,5131,0.89,361.155
HAT-P-53 b,1.9616241,0.03159,14.773,471.65972,0.134,1778,5956,1.09,666.802
HAT-P-54 b,3.799847,0.04117,10.581,241.5508,0.074,818,4390,0.65,143.651
HAT-P-55 b,3.5852467,0.04604,13.249,184.97706,0.139,1313,5808,1.01,511.388
HAT-P-56 b,2.7908327,0.0423,16.432,692.8694,0.246,1840,6566,1.3,320.639
HAT-P-57 b,2.465295,0.0406,15.838,587.9855,0,2200,7500,1.47,279.86
HAT-P-58 b,4.0138379,0.04994,14.93,118.23217,0.073,1622,6078,1.03,515.59
HAT-P-59 b,4.1419771,0.05064,12.588,489.45575,0.03,1278,5678,1.01,265.471
HAT-P-60 b,4.7947813,0.06277,18.282,182.43351,0.25,1772,6212,1.44,233.22
HAT-P-61 b,1.90231289,0.0301,10.077,335.94463,0.113,1505,5587,1,338.84
HAT-P-62 b,2.6453235,0.03772,12.027,241.86742,0.101,1512,5629,1.02,348.815
HAT-P-63 b,3.377728,0.04294,12.543,195.14664,0.069,1237,5400,0.93,4483.05
HAT-P-64 b,4.007232,0.05387,19.089,184.34048,0.101,1766,6457,1.3,651.897
HAT-P-65 b,2.6054552,0.03951,21.185,167.49641,0.304,1930,5835,1.21,738.519
HAT-P-66 b,2.972086,0.04363,17.822,248.86089,0.09,1896,6002,1.25,935.456
HAT-P-67 b,4.8101025,0.06505,23.371,108.0622,0,1903,6406,1.64,371.686
HAT-P-68 b,2.29840551,0.02996,12.016,230.10892,0.041,1028,4508,0.68,202.152
HAT-P-69 b,4.7869491,0.06555,18.786,1137.8314,0,1930,7394,1.65,341.263
HAT-P-7 b,2.2047354,0.0355,15.906,566.05523,0,2200,6350,1.47,341.079
HAT-P-7 b,2.204737,0.0377,15.043,564.442,0,2733,6532.23,1.35,341.079
HAT-P-7 b,2.2047372,0.03676,16.713,534.59006,0.0016,2700,6441,1.47,341.079
HAT-P-70 b,2.74432452,0.04739,20.961,2154.8874,0,2562,8450,1.89,330.739
HAT-P-8 b,3.0763776,0.0487,16.81,483.08,0,1700,6200,1.28,211.553
HAT-P-9 b,3.92281072,0.05287,15.614,238.05467,0.084,1540,6350,1.28,455.203
HAT-P-9 b,3.92289,0.053,15.69,247.9,0,1530,6350,1.28,455.203
HATS-1 b,3.446459,0.0444,14.594,589.55,0.12,1359,5870,0.99,283.971
HATS-10 b,3.312846,0.04491,10.862,167.17858,0.501,1407,5880,1.1,534.889
HATS-11 b,3.6191613,0.04614,16.926,270.1555,0.34,1637,6060,1,944.603
HATS-12 b,3.142833,0.04795,15.132,756.4354,0.085,2097,6408,1.49,746.138
HATS-13 b,3.0440499,0.04057,13.585,172.58169,0.181,1244,5523,0.96,421.855
HATS-14 b,2.7667641,0.03815,11.646,340.39593,0.142,1276,5346,0.97,513.011
HATS-15 b,1.74748753,0.02712,12.386,689.6911,0.126,1505,5311,0.87,1139.55
HATS-16 b,2.686502,0.03744,14.572,1039.3041,0,1592,5738,0.97,757.044
HATS-17 b,16.254611,0.1308,8.709,425.25654,0.029,814,5846,1.13,400.331
HATS-18 b,0.8378434,0.01761,14.986,629.3034,0.166,2060,5600,1.04,624.368
HATS-2 b,1.354133,0.023,13.092,427.463,0,1577,5227,0.88,341.925
HATS-22 b,4.7228124,0.05025,10.682,870.8542,0.079,858,4803,0.76,229.518
HATS-23 b,2.1605156,0.03397,20.849,467.2101,0.114,1654,5780,1.12,639.004
HATS-24 b,1.3484954,0.02547,16.668,775.5052,0.242,2067,6346,1.21,494.182
HATS-24 b,1.3484978,0.0238,15.637,718.2958,0,2166,6125,1.07,494.182
HATS-25 b,4.2986432,0.05163,14.123,194.82979,0.176,1277,5715,0.99,471.158
HATS-26 b,3.3023881,0.04735,19.616,206.5895,0.245,1918,6071,1.3,861.843
HATS-27 b,4.637038,0.0611,16.814,168.4499,0.581,1659,6438,1.42,816.988
HATS-28 b,3.1810781,0.04131,13.384,213.58176,0.202,1253,5498,0.93,535.383
HATS-29 b,4.6058749,0.05475,14.022,207.54299,0.158,1212,5670,1.03,353.891
HATS-3 b,3.547851,0.0485,15.48,340.382,0,1648,6351,1.21,411.211
HATS-30 b,3.1743516,0.04354,13.171,224.38798,0.096,1414,5943,1.09,342.14
HATS-31 b,3.37796,0.0478,18.383,279.6904,0.233,1823,6050,1.27,773.974
HATS-32 b,2.8126548,0.04024,14,292.4036,0.471,1437,5700,1.1,745.116
HATS-33 b,2.5495551,0.03727,13.787,378.85336,0.08,1429,5659,1.06,248.46
HATS-34 b,2.1061607,0.03166,16.029,299.07803,0.108,1445,5380,0.95,508.842
HATS-35 b,1.8209993,0.03199,16.41,388.38826,0.306,2037,6300,1.32,514.555
HATS-36 b,4.1752387,0.05425,13.843,1022.14128,0.105,1356,6149,1.22,856.436
HATS-37 A b,4.3315366,0.04913,6.793,31.46517,0,1085,5326,0.84,211.896
HATS-38 b,4.375021,0.05036,6.882,23.51942,0,1294,5732,0.89,343.525
HATS-39 b,4.5776348,0.06007,17.598,200.2329,0.275,1645,6572,1.38,878.521
HATS-4 b,2.516729,0.0362,11.433,420.471,0.013,1315,5403,1,416.459
HATS-40 b,3.2642736,0.04997,17.71,505.3497,0.312,2101,6460,1.56,1342.29
HATS-41 b,4.193649,0.0583,14.908,3082.951,0.38,1710,6424,1.5,737.668
HATS-42 b,2.292102,0.03689,15.693,597.5204,0.229,1856,6060,1.27,800.377
HATS-43 b,4.3888497,0.04944,13.227,82.95363,0.173,1003,5099,0.84,362.273
HATS-44 b,2.7439004,0.03649,11.96,177.9848,0.279,1161,5080,0.86,446.035
HATS-45 b,4.1876244,0.05511,14.415,222.481,0.24,1518,6450,1.27,772.11
HATS-46 b,4.7423729,0.05367,10.122,54.98459,0.559,1054,5495,0.92,453.808
HATS-47 b,3.9228038,0.04269,12.52,117.27927,0.088,853,4512,0.67,300.67
HATS-48 A b,3.1316666,0.03769,8.967,77.23269,0.162,955,4546,0.73,263.609
HATS-49 b,4.1480467,0.04515,8.575,112.19399,0.071,835,4405,0.71,324.413
HATS-5 b,4.763387,0.0542,10.223,75.323,0.019,1025,5304,0.94,246.384
HATS-51 b,3.3488702,0.04639,15.805,244.09344,0.33,1553,5758,1.19,389.57
HATS-52 b,1.36665436,0.02498,15.491,711.9392,0.246,1834,6010,1.11,555.134
HATS-53 b,3.8537768,0.04753,15.02,189.10885,0.33,1312,5644,0.96,585.77
HATS-54 b,2.5441828,0.03763,11.96,241.5508,0.126,1625,5702,1.1,748.585
HATS-54 b,2.5441765,0.037,11.377,239.32479,0,1429,5621,1.05,748.585
HATS-55 b,4.2042001,0.05412,14.022,292.72143,0.092,1367,6214,1.2,609.838
HATS-56 b,4.324799,0.06043,18.921,191.33366,0.019,1902,6536,1.57,564.409
HATS-57 b,2.350621,0.03493,12.767,1000.21101,0.028,1413,5587,1.03,279.485
HATS-58 A b,4.2180896,0.05798,12.274,327.3649,0.168,1721,7175,1.46,403.591
HATS-59 b,5.416081,0.06112,12.621,256.17098,0.129,1128,5670,1.04,642.884
HATS-6 b,3.3252725,0.03623,11.187,101.38777,0,713,3724,0.57,169.318
HATS-60 b,3.560829,0.04708,12.924,210.40346,0.191,1528,5688,1.1,486.474
HATS-61 b,7.817953,0.07908,13.395,1080.622,0.092,1226,5542,1.08,679.761
HATS-62 b,3.2768837,0.04163,11.825,56.89157,0.298,1237,5416,0.9,523.067
HATS-63 b,3.0566527,0.04026,13.529,305.1168,0.136,1398,5627,0.93,623.232
HATS-64 b,4.908897,0.06562,18.82,305.1168,0.151,1793,6554,1.56,1080.15
HATS-65 b,3.105161,0.04497,16.825,260.93843,0.062,1634,6277,1.26,493.32
HATS-66 b,3.1414391,0.04714,15.816,1694.0339,0.064,1998,6626,1.41,1477.98
HATS-67 b,1.6091788,0.03032,18.887,460.8535,0.057,2193,6594,1.44,960.109
HATS-68 b,3.5862202,0.05071,13.809,410.0007,0.036,1741,6147,1.35,603.955
HATS-69 b,2.2252577,0.03211,10.593,183.38791,0.519,1296,5137,0.89,414.537
HATS-7 b,3.185315,0.04012,6.311,38.1396,0.17,1084,4985,0.85,240.707
HATS-70 b,1.8882378,0.03632,15.513,4100.007,0.18,2730,7930,1.78,1458.83
HATS-71 b,3.7955202,0.03745,11.478,117.5971,0,587,3405,0.49,140.225
HATS-72 b,7.3279474,0.066517,8.097,39.85588,0.013,739,4656.1,0.73,127.589
HATS-74 A b,1.73185606,0.02384,11.568,464.02947,0.044,895,3776.9,0.6,299.389
HATS-75 b,2.7886556,0.032742,9.909,156.05375,0.064,772,3790.4,0.6,194.964
HATS-76 b,1.9416423,0.02658,12.094,835.57088,0.062,940,4016,0.66,385.689
HATS-77 b,3.0876262,0.03607,13.058,436.69623,0.045,828,4071,0.66,436.176
HATS-8 b,3.583893,0.04667,9.785,43.86054,0.376,1324,5679,1.06,794.637
HATS-9 b,1.9153073,0.03048,11.938,266.02371,0.129,1823,5366,1.03,638.7
HD 106315 b,9.55237,0.0907,2.44,12.6,0.093,1153,6327,1.09,109.353
HD 106315 c,21.05704,0.1536,4.35,15.2,0.22,886,6327,1.09,109.353
HD 110113 b,2.541,0.035,2.05,4.55,0.093,1371,5732,1,106.307
HD 136352 b,11.57779,0.0969,1.482,4.62,0.079,911,5850,0.91,14.682
HD 136352 b,11.57797,0.0964,1.664,4.72,0,905,5664,0.87,14.682
HD 136352 c,27.5909,0.1729,2.608,11.29,0.037,682,5850,0.91,14.682
HD 136352 c,27.59221,0.1721,2.916,11.24,0,677,5664,0.87,14.682
HD 136352 d,107.245,0.425,2.562,8.82,0,431,5664,0.87,14.682
HD 137496 b,1.62116,0.02732,1.31,4.04,0,2130,5799,1.04,155.317
HD 1397 b,11.53533,0.1097,11.5,131.89945,0.251,1228,5521,1.32,79.5702
HD 1397 b,11.5366,0.1003,11.467,116.64361,0.216,1519,5474,1.26,79.5702
HD 15337 b,4.75642,0.05245,1.699,7.2,0.17,1006,5131,0.85,44.8155
HD 15337 b,4.75615,0.0522,1.64,7.51,0.09,1001,5125,0.9,44.8155
HD 15337 c,17.1784,0.1268,2.39,8.11,0.05,642,5125,0.9,44.8155
HD 15337 c,17.1784,0.1235,2.522,8.79,0.19,656,5131,0.85,44.8155
HD 183579 b,17.471275,0.13,3.53,11.2,0,748,5706,1.03,57.2651
HD 183579 b,17.471278,0.1334,3.55,19.7,0.28,769,5788,1.03,57.2651
HD 18599 b,4.137437,0.05,2.7,25.5,0.2,863,5083,0.81,38.5653
HD 191939 b,8.88029,0.078,3.39,10.4,0,893,5348,0.81,53.6089
HD 191939 b,8.8803256,0.0804,3.41,10,0.031,880,5348,0.81,53.6089
HD 191939 c,28.579743,0.1752,3.195,8,0.034,600,5348,0.81,53.6089
HD 191939 c,28.5805,0.17,3.08,7.2,0,605,5348,0.81,53.6089
HD 191939 d,38.3525,0.207,3.04,5.8,0,549,5348,0.81,53.6089
HD 191939 d,38.353037,0.2132,2.995,2.8,0.031,540,5348,0.81,53.6089
HD 202772 A b,3.308958,0.05208,17.318,323.23311,0.038,2132,6272,1.72,161.498
HD 20329 b,0.926118,0.018,1.72,7.42,0,2141,5596,0.9,63.6796
HD 207897 b,16.202159,0.1163,2.501,14.4,0.047,632,5070,0.8,28.2938
HD 213885 b,1.008035,0.02012,1.745,8.83,0,2128,5978,1.07,48.0883
HD 219134 b,3.092926,0.03876,1.602,4.74,0,1015,4699,0.81,6.53127
HD 219134 c,6.76458,0.0653,1.511,4.36,0.062,782,4699,0.81,6.53127
HD 219134 d,46.859,0.237,1.61,16.17,0.138,410,4699,0.81,6.53127
HD 219134 f,22.717,0.1463,1.31,7.3,0.148,523,4699,0.81,6.53127
HD 219666 b,6.03607,0.06356,4.71,16.6,0,1073,5527,0.92,94.1719
HD 23472 b,17.667087,0.1162,2,8.32,0.072,543,4684,0.67,39.0341
HD 23472 c,29.79749,0.1646,1.87,3.41,0.063,467,4684,0.67,39.0341
HD 23472 d,3.97664,0.04298,0.75,0.55,0.07,909,4684,0.67,39.0341
HD 23472 e,7.90754,0.068,0.818,0.72,0.07,723,4684,0.67,39.0341
HD 23472 f,12.1621839,0.0906,1.137,0.77,0.07,630,4684,0.67,39.0341
HD 260655 b,2.76953,0.02933,1.24,2.14,0.039,709,3803,0.44,10.0055
HD 260655 c,5.70588,0.04749,1.533,3.09,0.038,557,3803,0.44,10.0055
HD 2685 b,4.12688,0.0568,16.141,371.8611,0.091,2061,6801,1.43,196.852
HD 28109 b,22.89104,0.1357,2.199,18.496,0.3307,881,6120,1.26,139.611
HD 28109 c,56.00819,0.308,4.23,7.943,0.1203,585,6120,1.26,139.611
HD 28109 d,84.25999,0.411,3.25,5.681,0.0864,506,6120,1.26,139.611
HD 3167 b,0.95965428,0.01802,1.627,4.73,0.1,1777,5300,0.85,47.2899
HD 3167 b,0.959632,0.01752,1.574,5.69,0,1759,5286,0.88,47.2899
HD 3167 c,29.8464948,0.1783,2.923,10.67,0.15,565,5300,0.85,47.2899
HD 3167 c,29.84622,0.1806,2.74,8.33,0.05,548,5286,0.88,47.2899
HD 332231 b,18.71204,0.1436,9.718,77.55052,0.032,876,6089,1.13,80.6665
HD 5278 b,14.339156,0.1202,2.45,7.8,0.08,943,6203,1.13,57.5846
HD 73583 b,6.398042,0.0604,2.79,10.2,0.09,714,4511,0.73,31.5666
HD 73583 c,18.87974,0.1242,2.39,9.7,0.08,498,4511,0.73,31.5666
HD 86226 c,3.98442,0.049,2.16,7.25,0.075,1311,5863,1.02,45.683
HD 89345 b,11.81399,0.105,6.86,35.7,0.203,1053,5499,1.12,132.345
HD 89345 b,11.8143,0.1066,7.398,34.9613,0.22,1089,5576,1.16,132.345
HD 89345 b,11.8143,0.1115,7.263,38.45743,0.22,1068,5622,1.32,132.345
HD 95338 b,55.087,0.262,3.89,42.44,0.197,385,5212,0.83,36.9941
HD 97658 b,9.4903,0.08,2.247,7.55,0.078,757,5170,0.77,21.5618
HIP 116454 b,9.1205,0.0906,2.53,11.82,0.205,690,5089,0.78,62.4491
HIP 65 A b,0.9809734,0.01782,22.754,1021.18779,0,1411,4590,0.78,61.7856
HIP 94235 b,7.713057,0.0787,3,379,0.32,1060,5991,1.09,58.5146
HIP 97166 b,10.28891,0.089,2.74,20,0.16,757,5198,0.9,65.9501
K2-100 b,1.6739035,0.0301,3.88,21.8,0,1841,5945,1.15,188.959
K2-107 b,3.31392,0.048,16.141,266.9772,0,1780,6030,1.3,685.2
K2-108 b,4.73401,0.0573,5.28,59.4,0.18,1446,5474,1.12,477.295
K2-110 b,13.86375,0.1021,2.592,16.7,0.079,640,5010,0.74,116.474
K2-111 b,5.35117,0.0621,1.9,8.6,0,1309,5730,0.88,200.394
K2-113 b,5.817608,0.0558,10.424,410.0007,0,1178,5627,1.01,635.722
K2-114 b,11.39109,0.09309,10.559,587.9855,0,719,5027,0.83,475.758
K2-114 b,11.3909311,0.0943,10.447,638.8351,0.081,701,4920,0.86,475.758
K2-115 b,20.273034,0.1367,12.498,266.9772,0.137,682,5560,0.83,413.591
K2-132 b,9.1708,0.0916,12.207,157.32585,0.29,1586,4878,1.19,609.818
K2-136 b,7.9752,0.0707,1.014,4.3,0.14,610,4500,0.74,59.2474
K2-136 c,17.30713,0.1185,3,18.1,0.047,470,4500,0.74,59.2474
K2-136 d,25.575,0.1538,1.565,3,0.071,420,4500,0.74,59.2474
K2-137 b,0.179715,0.0058,0.89,158.915,0,1471,3492,0.46,98.8765
K2-139 b,28.38236,0.179,9.057,123.00021,0.12,565,5340,0.92,153.856
K2-140 b,6.569188,0.068,13.563,295.58042,0,962,5585,0.96,347.917
K2-140 b,6.5693,0.0591,12.274,323.86877,0.12,1114,5654,1,347.917
K2-141 b,0.2803226,0.00716,1.54,5.31,0,2039,4373,0.66,61.8736
K2-18 b,32.939623,0.1429,2.37,8.92,0.2,284,3457,0.36,38.0266
K2-18 b,32.93963,0.143,2.38,7.96,0.43,235,3457,0.36,38.0266
K2-180 b,8.8665,0.075,2.242,11.44182,0,729,5110,0.71,203.896
K2-182 b,4.7369683,0.0526,2.69,20,0.04,969,5170,0.86,154.83
K2-199 b,3.2253993,0.0382,1.73,6.9,0.02,913,4491,0.71,107.518
K2-199 c,7.3744897,0.0662,2.85,12.4,0.03,694,4491,0.71,107.518
K2-216 b,2.1748,0.028,1.75,8,0,1103,4503,0.7,115.461
K2-229 b,0.584249,0.012888,1.164,2.59,0,1960,5185,0.84,102.564
K2-229 c,8.32834,0.07577,2.12,21.3,0,800,5185,0.84,102.564
K2-232 b,11.168454,0.10356,11.209,126.49634,0.258,1030,6154,1.19,130.72
K2-232 b,11.168459,0.0991,11.859,123.00021,0.255,1001,5888,1.04,130.72
K2-233 b,2.4675,0.03308,1.343,11.26,0.079,1121,5033,0.79,67.5062
K2-233 c,7.06005,0.06666,1.281,12.81,0.2002,790,5033,0.79,67.5062
K2-233 d,24.3645,0.15224,2.358,21.14,0.1999,523,5033,0.79,67.5062
K2-237 b,2.18053539,0.03558,16.197,433.20012,0.042,1828,6360,1.26,314.995
K2-237 b,2.1805577,0.0353,18.405,392.83788,0,1838,6099,1.23,314.995
K2-237 b,2.18056,0.037,18.495,508.528,0,1884,6257,1.28,314.995
K2-238 b,3.20466,0.046,14.572,273.3338,0,1587,5630,1.19,537.963
K2-24 b,20.8851,0.154,5.68,21,0,767,5743,1.12,170.562
K2-24 c,42.3633,0.247,7.82,27,0,606,5743,1.12,170.562
K2-25 b,3.48456408,0.0287,3.44,24.5,0.428,494,3207,0.26,44.9565
K2-260 b,2.6266657,0.0404,17.396,451.3186,0,1957,6367,1.39,663.834
K2-261 b,11.633478,0.1087,9.505,67.69745,0.248,1030,5503,1.27,213.283
K2-261 b,11.633478,0.1034,9.528,59.75174,0.286,1046,5445,1.09,213.283
K2-261 b,11.63344,0.102,9.528,70.87609,0.39,1080,5537,1.1,213.283
K2-263 b,50.818947,0.2573,2.41,14.8,0.14,470,5368,0.88,162.481
K2-266 d,14.697,0.1035,2.93,8.9,0.047,538,4285,0.69,77.5586
K2-266 e,19.482,0.1249,2.73,14.3,0.043,490,4285,0.69,77.5586
K2-27 b,6.771315,0.06702,4.48,30.9,0.251,902,5248,0.87,249.645
K2-280 b,19.89526,0.1461,7.5,37.1,0.35,787,5500,1.03,391.537
K2-285 b,3.471745,0.03817,2.59,9.68,0,1089,4975,0.83,154.961
K2-285 c,7.138048,0.0824,3.53,15.68,0,741,4975,0.83,154.961
K2-285 d,10.45582,0.1178,2.48,6.5,0,620,4975,0.83,154.961
K2-285 e,14.76289,0.18041,1.95,10.7,0,501,4975,0.83,154.961
K2-287 b,14.893291,0.1206,9.494,100.11645,0.478,804,5695,1.06,158.335
K2-29 b,3.2589263,0.04097,11.209,194.82979,0.084,1076,5222,0.86,178.475
K2-29 b,3.2588321,0.04217,13.339,232.0159,0.066,1171,5358,0.94,178.475
K2-290 b,9.21165,0.0923,3.06,10.9,0,1230,6302,1.19,272.909
K2-290 c,48.36685,0.305,11.276,246.00042,0,676,6302,1.19,272.909
K2-292 b,16.9841,0.13,2.63,24.5,0.04,795,5725,1,114.293
K2-295 b,4.024867,0.0451,10.054,106.47305,0,852,4444,0.74,232.801
K2-30 b,4.098503,0.04839,11.646,184.02357,0,1092,5425,0.9,333.042
K2-30 b,4.098507,0.04986,13.406,198.00809,0.027,1185,5581,0.98,333.042
K2-30 b,4.09849,0.0419,11.982,187.20187,0.08,1203,5575,0.92,333.042
K2-32 b,8.99213,0.08036,5.13,16.5,0,817,5275,0.86,157.682
K2-32 b,8.992,0.0795,5.299,15,0.03,837,5271,0.83,157.682
K2-32 c,20.66093,0.13843,3.134,8.1,0.049,634,5271,0.83,157.682
K2-32 c,20.6602,0.1399,3.01,12.1,0,619,5275,0.86,157.682
K2-32 d,31.7154,0.1862,3.43,10.3,0,537,5275,0.86,157.682
K2-32 d,31.71701,0.18422,3.484,6.7,0.05,550,5271,0.83,157.682
K2-32 e,4.34934,0.04899,1.212,2.1,0.043,1066,5271,0.83,157.682
K2-329 b,12.4551225,0.1016,8.676,82.6358,0.0697,650,5282,0.9,233.237
K2-33 b,5.42513,0.0409,5.76,1144.188,0,850,3410,0.31,139.268
K2-34 b,2.995607,0.04419,15.132,559.3808,0,1742,6132,1.28,348.646
K2-34 b,2.995629,0.0465,15.435,539.67534,0.054,1715,6149,1.23,348.646
K2-36 b,1.422614,0.0223,1.43,3.9,0,1224,4916,0.79,109.749
K2-36 c,5.340888,0.054,3.2,7.8,0,788,4916,0.79,109.749
K2-38 b,4.01593,0.04994,1.54,7.3,0.197,1266,5731,1.03,192.69
K2-38 c,10.56103,0.09514,2.29,8.3,0.161,916,5731,1.03,192.69
K2-39 b,4.60497,0.0574,5.71,39.8,0.152,1670,4912,1.19,307.47
K2-60 b,3.00265,0.045,7.656,135.39558,0,1400,5500,0.97,491.87
K2-66 b,5.06963,0.05983,2.49,21.3,0,1372,5887,1.11,513.877
K2-98 b,10.13675,0.0943,4.3,32.2,0,1102,6120,1.07,518.625
KELT-11 b,4.736529,0.06229,15.356,61.97685,0,1712,5370,1.44,99.1596
KELT-12 b,5.031623,0.06708,19.952,301.9385,0,1800,6279,1.59,368.03
KELT-14 b,1.7100566,0.03005,19.537,408.09372,0,1970,5720,1.24,250.121
KELT-14 b,1.7100588,0.02956,17.038,380.12468,0,1904,5802,1.18,250.121
KELT-15 b,3.329441,0.04613,16.175,289.2253,0,1642,6003,1.18,324.683
KELT-16 b,0.9689951,0.02044,15.861,874.0325,0,2453,6236,1.21,444.586
KELT-18 b,2.8717518,0.0455,17.598,375.0394,0,2085,6670,1.52,321.376
KELT-20 b,3.474119,0.057,20.512,5403.11,0,2260,8980,1.89,136.426
KELT-21 b,3.6127647,0.05224,17.777,1242.7153,0,2051,7598,1.46,470.878
KELT-23 A b,2.255251,0.03302,14.83,298.12454,0,1561,5899,0.94,126.261
KELT-24 b,5.55149,0.067,15.244,1334.87931,0.05,1473,6415,1.3,96.5173
KELT-24 b,5.5514926,0.06969,14.258,1646.3594,0.077,1459,6509,1.46,96.5173
KELT-3 b,2.7033904,0.04122,15.076,469.415,0,1816,6306,1.28,210.252
KELT-4 A b,2.9895932,0.04317,19.044,286.68266,0,1823,6206,1.2,218.05
KELT-6 b,7.8457,0.07939,13.372,136.661,0.22,1313,6102,1.08,240.726
KELT-7 b,2.7347749,0.04415,17.183,406.8224,0,2048,6789,1.53,136.681
KELT-8 b,3.24406,0.04571,20.849,275.55861,0.035,1675,5754,1.21,197.572
KELT-9 b,1.4811235,0.03462,21.196,915.3504,0,4050,10170,2.52,204.455
KOI-13 b,1.763588,0.03641,16.948,2949.4624,0.00064,2550,7650,1.72,519.096
KOI-3680 b,141.241671,0.534,11.097,613.4119,0.496,347,5830,1.01,921.986
KOI-4777.01,0.412,0.008,0.51,99.2,0,1180,3515,0.41,172.245
KOI-94 b,3.743208,0.05119,1.71,10.5,0.25,1486,6182,1.28,477.052
KOI-94 c,10.423648,0.1013,4.32,15.6,0.43,1012,6182,1.28,477.052
KOI-94 d,22.342989,0.1684,11.27,106,0.022,806,6182,1.28,477.052
KOI-94 e,54.32031,0.3046,6.56,35,0.019,584,6182,1.28,477.052
KPS-1 b,1.706291,0.0269,11.545,346.4347,0,1459,5165,0.89,262.706
Kepler-10 b,0.837495,0.01684,1.416,4.56,0,1833,5627,0.9,185.506
Kepler-10 b,0.8374907,0.01685,1.47,3.33,0,2169,5708,0.91,185.506
Kepler-10 b,0.8374912,0.01687,1.46,4.6,0,2160,5643,0.91,185.506
Kepler-10 c,45.29485,0.2407,2.227,20,0,485,5627,0.9,185.506
Kepler-101 b,3.4876812,0.0474,5.77,51.1,0.086,1513,5667,1.17,927.981
Kepler-101 c,6.02976,0.0684,1.25,3.78,0,1413,5667,1.17,927.981
Kepler-107 b,3.1800218,0.04544,1.536,3.51,0,1593,5854,1.24,525.997
Kepler-107 c,4.901452,0.06064,1.597,9.39,0,1379,5854,1.24,525.997
Kepler-107 d,7.95839,0.08377,0.86,3.8,0,1173,5854,1.24,525.997
Kepler-107 e,14.749143,0.12639,2.903,8.6,0,955,5854,1.24,525.997
Kepler-117 b,18.7959228,0.1445,8.059,29.875,0.0493,984,6150,1.13,1455.57
Kepler-117 c,50.790391,0.2804,12.341,584.78,0.0323,704,6150,1.13,1455.57
Kepler-138 b,10.3134,0.0753,0.64,0.07,0.02,452,3841,0.54,66.8624
Kepler-138 c,13.7815,0.0913,1.51,2.3,0.017,410,3841,0.54,66.8624
Kepler-138 d,23.0923,0.1288,1.51,2.1,0.01,345,3841,0.54,66.8624
Kepler-1514 b,217.83184,0.753,12.42,1678.1424,0.401,388,6145,1.2,397.292
Kepler-1654 b,1047.8356,2.026,9.18,158.915,0.26,206,5597,1.01,568.117
Kepler-1656 b,31.578659,0.197,5.02,48.6,0.836,651,5731,1.03,185.875
Kepler-1661 b,175.06,0.633,3.87,17,0.057,243,5100,0.84,410.607
Kepler-167 e,1071.23205,1.883,10.16,321.00669,0.29,134,4884,0.78,341.908
Kepler-17 b,1.4857108,0.02591,14.68,778.65,0.011,1570,5781,1.04,720.753
Kepler-1704 b,988.88112,2.027,11.949,1322.16617,0.92,254,5746,1.13,835.455
Kepler-20 b,3.69611525,0.0463,1.868,9.7,0.03,1105,5495,0.95,282.563
Kepler-20 b,3.6961219,0.04537,1.91,8.7,0.32,1014,5455,0.91,282.563
Kepler-20 c,10.854092,0.093,3.07,16.1,0.4,713,5455,0.91,282.563
Kepler-20 c,10.85409089,0.0949,3.047,12.75,0.16,772,5495,0.95,282.563
Kepler-20 d,77.61184,0.3453,2.75,20.1,0.6,369,5455,0.91,282.563
Kepler-21 b,2.78578,0.042717,1.639,5.08,0.02,2025,6305,1.41,108.522
Kepler-21 b,2.785755,0.042507,1.635,10.4,0,1956,6131,1.34,108.522
Kepler-22 b,289.8623,0.849,2.38,36,0,262,5518,0.97,194.642
Kepler-36 b,13.83989,0.1153,1.486,4.45,0.039,978,5911,1.07,527.956
Kepler-36 c,16.23855,0.1283,3.679,8.08,0.033,928,5911,1.07,527.956
Kepler-38 b,105.599,0.4632,4.3,122,0.032,475,5623,0.94,1174.59
Kepler-39 b,21.0874,0.155,13.68,5720.7,0.121,905,6260,1.1,1057.41
Kepler-39 b,21.08721,0.164,13.9,6388.1,0.112,897,6350,1.29,1057.41
Kepler-4 b,3.21346,0.0456,4.002,24.472,0,1650,5857,1.22,487.916
Kepler-40 b,6.87349,0.08,13.11,699.2,0,1620,6510,1.48,2305.01
Kepler-41 b,1.855558,0.03,9.98,174.8,0,1730,5620,1.12,1093.08
Kepler-41 b,1.8555582,0.03101,14.46,177.98,0,1790,5750,1.15,1093.08
Kepler-423 b,2.6843285,0.03585,13.361,189.101,0.019,1605,5560,0.85,758.753
Kepler-425 b,3.79701816,0.0464,10.962,79.45,0.33,1070,5170,0.93,646.647
Kepler-426 b,3.21751883,0.0414,12.22,108.06,0.18,1300,5725,0.91,843.695
Kepler-427 b,10.290994,0.091,13.79,92.17,0.57,1100,5800,0.96,1017.8
Kepler-428 b,3.52563254,0.0433,12.11,403.63,0.22,1070,5150,0.87,686.284
Kepler-43 b,3.024095,0.0449,13.45,1026.55,0.025,1637,6041,1.32,1005.84
Kepler-43 b,3.02409309,0.0444,13,994.77,0.017,1628,6050,1.27,1005.84
Kepler-433 b,5.33408384,0.0679,16.25,896.24,0.119,1776,6360,1.46,1878.31
Kepler-434 b,12.8747099,0.1143,12.67,908.96,0.131,1000,5977,1.2,1222.54
Kepler-435 b,8.6001536,0.0948,22.31,266.97,0.114,1729,6161,1.54,1418.77
Kepler-44 b,3.24674,0.0455,13.9,324.17,0.021,1603,5757,1.19,1188
Kepler-44 b,3.2467293,0.0446,12.22,317.82,0.066,1544,5800,1.12,1188
Kepler-45 b,2.455239,0.03,10.76,160.497,0.11,1000,3820,0.59,381.949
Kepler-46 b,33.60134,0.1968,9.057,1907,0.01,543,5155,0.9,777.06
Kepler-5 b,3.54846,0.05064,16.04,671.864,0.024,1868,6297,1.37,899.777
Kepler-51 b,45.154,0.2514,7.1,2.1,0.04,543,6018,1.04,783.831
Kepler-51 c,85.312,0.384,9,4,0.014,439,6018,1.04,783.831
Kepler-51 d,130.194,0.509,9.7,7.6,0.008,381,6018,1.04,783.831
Kepler-538 b,81.73778,0.4669,2.215,10.6,0.041,380,5547,0.89,155.956
Kepler-539 b,125.63243,0.4988,8.373,308.2951,0.39,388,5820,1.05,307.318
Kepler-6 b,3.234723,0.04567,14.83,212.619,0,1500,5647,1.21,587.039
Kepler-68 b,5.398763,0.0617,2.31,8.3,0,1280,5793,1.08,144.166
Kepler-7 b,4.885525,0.06224,16.567,137.615,0,1540,5933,1.35,922.562
Kepler-74 b,7.340711,0.0781,10.76,200.22,0,1078,6000,1.18,1177.55
Kepler-74 b,7.340718,0.084,14.8,216.12,0.287,1250,6050,1.4,1177.55
Kepler-75 b,8.8849116,0.0818,11.77,3209.9,0.57,767,5200,0.91,835.356
Kepler-75 b,8.884924,0.08,11.55,3146.4,0.569,850,5330,0.88,835.356
Kepler-77 b,3.57878087,0.04501,10.761,136.661,0,1440,5520,0.95,639.411
Kepler-8 b,3.52254,0.0483,15.906,191.643,0,1764,6213,1.21,1021.87
Kepler-87 b,114.73635,0.481,13.49,324.2,0.036,478,5600,1.1,1232.9
Kepler-87 c,191.2318,0.676,6.14,6.4,0.039,403,5600,1.1,1232.9
Kepler-93 b,4.72673978,0.053,1.478,4.02,0,1037,5655,1,95.9115
L 168-9 b,1.4015,0.02091,1.39,4.6,0.21,965,3800,0.62,25.1496
L 98-59 b,2.2531136,0.02191,0.85,0.4,0.103,627,3415,0.27,10.6194
L 98-59 b,2.2531,0.02282,0.8,1.01,0.12,610,3412,0.31,10.6194
L 98-59 c,3.6906777,0.0304,1.385,2.22,0.103,553,3415,0.27,10.6194
L 98-59 c,3.6904,0.0317,1.35,2.42,0.07,517,3412,0.31,10.6194
L 98-59 d,7.4507245,0.0486,1.521,1.94,0.074,416,3415,0.27,10.6194
L 98-59 d,7.4512,0.0506,1.57,2.31,0.09,409,3412,0.31,10.6194
LHS 1140 b,24.73712,0.0875,1.43,6.65,0.29,230,3131,0.15,14.9861
LHS 1140 b,24.73694,0.0957,1.635,6.38,0.096,379,2988,0.19,14.9861
LHS 1140 b,24.736959,0.0936,1.727,6.98,0.06,235,3216,0.18,14.9861
LHS 1140 c,3.77792,0.02734,1.169,1.76,0.274,709,2988,0.19,14.9861
LHS 1140 c,3.777931,0.02675,1.282,1.81,0.31,438,3216,0.18,14.9861
LHS 1815 b,3.81433,0.0404,1.088,8.7,0,617,3643,0.5,29.8424
LP 714-47 b,4.052037,0.0417,4.7,30.8,0.04,700,3950,0.59,52.616
LTT 1445 A b,5.3587657,0.03813,1.305,2.87,0.11,424,3340,0.26,6.86929
LTT 1445 A b,5.35882,0.03807,1.38,2.2,0.19,433,3337,0.26,6.86929
LTT 1445 A c,3.1239035,0.02661,1.147,1.54,0.223,508,3340,0.26,6.86929
LTT 3780 b,0.768448,0.01211,1.332,2.62,0,892,3331,0.4,21.9814
LTT 3780 b,0.768377,0.01203,1.35,2.34,0.064,1000,3360,0.38,21.9814
LTT 3780 c,12.252131,0.0762,2.42,6.29,0.115,397,3360,0.38,21.9814
LTT 3780 c,12.2519,0.07673,2.3,8.6,0.06,353,3331,0.4,21.9814
LTT 9779 b,0.792052,0.01679,4.72,29.32,0,1978,5443,0.77,80.4373
MASCARA-1 b,2.14878,0.043,16.814,1175.971,0,2570,7554,1.72,182.273
MASCARA-4 b,2.82406,0.047,17.15,985.273,0,2100,7800,1.75,170.696
NGTS-1 b,2.647298,0.0326,14.908,258.07796,0.016,790,3916,0.62,218.121
NGTS-11 b,35.45533,0.201,9.158,109.33352,0.13,435,5050,0.86,190.422
NGTS-12 b,7.532806,0.0757,11.747,66.10864,0,1257,5690,1.02,446.442
NGTS-13 b,4.119027,0.0549,12.801,1538.2972,0.086,1605,5819,1.3,647.595
NGTS-14 A b,3.5357173,0.0403,4.977,29.24036,0,1143,5187,0.9,322.148
NGTS-15 b,3.27623,0.0441,12.33,238.68913,0,1146,5600,0.99,786.485
NGTS-16 b,4.84532,0.0523,14.572,211.99155,0,1177,5550,1,898.168
NGTS-17 b,3.24253,0.0391,13.899,242.8209,0,1457,5650,1.02,1040.28
NGTS-18 b,3.05125,0.0448,13.563,129.99182,0,1381,5610,1,1096.19
NGTS-2 b,4.511164,0.063,17.878,235.1942,0,1468,6478,1.64,356.391
NGTS-20 b,54.18915,0.313,11.994,947.12865,0.432,688,5980,1.47,382.898
NGTS-21 b,1.5433897,0.0236,14.908,750.07504,0,1357,4660,0.72,592.891
NGTS-23 b,4.0764326,0.0504,14.202,194.82881,0,1327,6057,1.01,1074.95
NGTS-24 b,3.4678796,0.0479,13.608,165.27077,0,1499,5820,1.26,683.062
NGTS-25 b,2.823093,0.0388,11.467,203.09235,0,1101,5321,0.91,521.233
NGTS-4 b,1.3373508,0.019,3.18,20.6,0,1650,5143,0.75,280.555
NGTS-5 b,3.3569866,0.0382,12.733,72.78307,0,952,4987,0.66,306.779
NGTS-6 b,0.882059,0.01677,14.863,425.57437,0,1284,4730,0.77,308.262
NGTS-8 b,2.4997,0.035,12.218,295.5819,0.01,1345,5241,0.89,428.976
NGTS-9 b,4.43527,0.058,11.994,921.707,0.06,1448,6330,1.34,609.128
PH1 b,138.317,0.652,6.18,169,0.0702,481,6407,1.53,1033.16
Qatar-1 b,1.4200242,0.02332,12.812,411.27202,0,1418,5013,0.84,185.615
Qatar-1 b,1.42002504,0.02343,13.227,422.7139,0,1389,4910,0.85,185.615
Qatar-10 b,1.645321,0.0286,17.295,233.92288,0,1955,6124,1.16,559.068
Qatar-2 b,1.3371182,0.02149,12.823,790.41,0,1292,4645,0.74,181.374
Qatar-2 b,1.33711647,0.02153,14.056,792.635,0,1344,4645,0.74,181.374
Qatar-3 b,2.5079204,0.03783,12.285,1369.8473,0,1681,6007,1.15,735.601
Qatar-4 b,1.8053564,0.02803,12.722,1938.763,0,1385,5215,0.9,329.036
Qatar-5 b,2.8792319,0.04127,12.408,1373.0256,0,1415,5747,1.13,367.658
Qatar-6 b,3.506195,0.0423,11.904,212.31044,0,1006,5052,0.82,100.848
Qatar-7 b,2.032046,0.0352,19.055,597.5204,0,2053,6387,1.41,705.981
Qatar-8 b,3.71495,0.0474,14.404,117.91493,0,1457,5738,1.03,281.498
Qatar-9 b,1.540731,0.0234,11.31,378.2177,0,1134,4309,0.72,213.771
TIC 237913194 b,15.168865,0.1207,12.52,617.22586,0.575,974,5788,1.03,306.063
TOI-1062 b,4.11296,0.052,2.265,10.15,0.177,1077,5328,0.94,82.1733
TOI-1064 b,6.443868,0.06152,2.587,13.5,0.047,784,4734,0.75,68.0726
TOI-1064 c,12.226574,0.09429,2.651,2.5,0.088,634,4734,0.75,68.0726
TOI-1075 b,0.6047328,0.01159,1.791,9.95,0,1323,3875,0.6,61.4592
TOI-1107 b,4.0782387,0.0561,14.572,1064.72516,0.025,1728,6311,1.35,281.314
TOI-1130 c,8.350381,0.07098,16.814,309.56642,0.047,637,4250,0.68,58.2609
TOI-1201 b,2.4919863,0.0287,2.415,6.28,0,703,3476,0.51,37.8871
TOI-1231 b,24.245586,0.1288,3.65,15.4,0.087,330,3553,0.48,27.6227
TOI-1235 b,3.444729,0.03845,1.738,6.91,0.15,754,3872,0.64,39.6345
TOI-125 b,4.65382,0.05186,2.726,9.5,0.194,1037,5320,0.86,111.059
TOI-125 c,9.15059,0.0814,2.759,6.63,0.066,828,5320,0.86,111.059
TOI-125 d,19.98,0.137,2.93,13.6,0.168,638,5320,0.86,111.059
TOI-1259 A b,3.477978,0.0407,11.456,140.16233,0,963,4775,0.74,118.106
TOI-1260 b,3.12748,0.0366,2.34,8.6,0,860,4227,0.66,73.5977
TOI-1260 b,3.127463,0.0367,2.41,8.56,0,871,4227,0.68,73.5977
TOI-1260 c,7.49325,0.0656,2.82,11.8,0,643,4227,0.66,73.5977
TOI-1260 c,7.493134,0.0657,2.76,13.2,0,651,4227,0.68,73.5977
TOI-1260 d,16.608164,0.1116,3.12,11.84,0,499,4227,0.68,73.5977
TOI-1266 b,10.894879,0.0745,2.458,15.9,0,410,3573,0.44,36.0118
TOI-1266 b,10.894843,0.0736,2.37,13.5,0.09,413,3600,0.45,36.0118
TOI-1266 c,18.80151,0.1058,1.56,2.2,0.04,344,3600,0.45,36.0118
TOI-1266 c,18.80152,0.1037,1.673,6.4,0,347,3573,0.44,36.0118
TOI-1268 b,8.1577094,0.0711,9.1,96.4,0.105,919,5300,0.96,109.557
TOI-1272 b,3.31599,0.0412,4.14,24.6,0.338,961,4985,0.85,137.572
TOI-1296 b,3.9443715,0.0497,13.798,94.71287,0.055,1562,5603,1.17,323.265
TOI-1298 b,4.537164,0.059,9.427,113.14691,0.032,1388,5889,1.44,319.036
TOI-132 b,2.1097019,0.026,3.42,22.4,0.059,1395,5397,0.97,163.678
TOI-1333 b,4.720219,0.0626,15.648,753.2571,0.073,1679,6274,1.46,200.492
TOI-1422 b,12.9972,0.108,3.96,9,0.04,867,5840,0.98,155.141
TOI-1431 b,2.650237,0.046,16.701,991.62463,0.0022,2370,7690,1.9,148.925
TOI-1452 b,11.06201,0.061,1.672,4.82,0,326,3185,0.25,30.5212
TOI-1478 b,10.180249,0.0903,11.882,270.47333,0.024,918,5597,0.95,152.892
TOI-150.01,5.857487,0.07037,14.067,797.7533,0.262,1404,6255,1.35,336.267
TOI-150.01,5.857342,0.0583,15.468,556.2025,0,1493,6003,1.25,336.267
TOI-1518 b,1.902603,0.0389,21.017,731.00534,0.01,2492,7300,1.79,225.888
TOI-157 b,2.0845435,0.03138,14.415,375.0394,0,1588,5404,0.95,355.683
TOI-1601 b,5.331751,0.06864,13.888,314.6517,0.036,1619,5948,1.52,336.608
TOI-163 b,4.231306,0.058,16.69,387.7526,0,1669,6495,1.44,411.719
TOI-1634 b,0.9893436,0.0149,1.749,10.14,0,920,3472,0.45,35.2736
TOI-1634 b,0.989343,0.01545,1.79,4.91,0.16,924,3550,0.5,35.2736
TOI-1670 b,10.98462,0.103,2.06,41.31769,0.59,1062,6170,1.21,168.067
TOI-1670 c,40.74976,0.249,11.063,200.2319,0.09,684,6170,1.21,168.067
TOI-1685 b,0.6691416,0.011557,1.459,3.43,0,1052,3461,0.46,37.6153
TOI-169 b,2.2554477,0.03524,12.173,251.40353,0,1715,5880,1.15,407.84
TOI-1695 b,3.1342791,0.033548,1.9,6.36,0.097,698,3690,0.51,45.1309
TOI-1696 b,2.50031,0.0235,3.24,56.6,0,533,3168,0.27,64.9172
TOI-172 b,9.47725,0.0914,10.817,1722.6386,0.3806,1198,5645,1.13,342.831
TOI-1728 b,3.49151,0.0391,5.05,26.78,0.057,767,3980,0.65,60.798
TOI-1749 b,2.38839,0.0291,1.39,57,0.14,831,3985,0.58,99.5561
TOI-1749 c,4.4929,0.0443,2.12,14,0.019,673,3985,0.58,99.5561
TOI-1749 d,9.0497,0.0707,2.52,15,0.062,533,3985,0.58,99.5561
TOI-1759 b,18.85019,0.1177,3.14,10.8,0,443,4065,0.61,40.0654
TOI-1759 b,18.849975,0.1176,3.06,6.8,0,433,3972,0.61,40.0654
TOI-181 b,4.532,0.0539,6.956,46.1687,0.1543,895,4994,0.82,96.2338
TOI-1811 b,3.7130765,0.04389,11.142,308.92921,0.052,962,4766,0.82,128.23
TOI-1820 b,4.860674,0.061,12.778,731.00534,0.043,1375,5734,1.04,248.504
TOI-1899 b,29.02,0.1587,12.89,209.7678,0.118,362,3841,0.63,128.438
TOI-1937 A b,0.94667944,0.01932,13.978,638.8351,0,2097,5814,1.07,415.135
TOI-201 b,52.97818,0.3,11.299,133.4886,0.28,759,6394,1.32,113.825
TOI-2025 b,8.8720982,0.0892,11.893,1144.18227,0.394,1166,5977,1.2,335.985
TOI-2025 b,8.872078,0.092,12.52,1398.44499,0.41,1167,5880,1.32,335.985
TOI-2136 b,7.851928,0.057,2.19,6.37,0,395,3342,0.34,33.3631
TOI-2136 b,7.851925,0.0533,2.2,4.7,0.07,378,3373,0.33,33.3631
TOI-2136 b,7.85191,0.054,2.09,15,0,403,3366,0.34,33.3631
TOI-2145 b,10.26075,0.1108,11.982,1671.77742,0.208,1484,6177,1.72,224.731
TOI-2152 A b,3.3773512,0.05064,14.359,899.45439,0.057,1802,6630,1.52,303.006
TOI-2154 b,3.8240801,0.0513,16.287,292.40213,0.117,1580,6280,1.23,296.46
TOI-2158 b,8.60077,0.075,10.761,260.61929,0.07,1188,5673,1.12,198.473
TOI-216.01,34.556,0.2069,11.29,200,0.029,497,5026,0.87,177.945
TOI-216.02,17.089,0.1293,7.69,30,0.132,628,5026,0.87,177.945
TOI-2180 b,260.79,0.828,11.321,875.61726,0.3683,348,5695,1.11,116.685
TOI-2193 A b,2.1225735,0.03319,19.84,298.7587,0,1763,5966,1.08,337.064
TOI-2196 b,1.1947268,0.02234,3.51,26,0,1860,5634,1.03,259.947
TOI-220 b,10.695264,0.08911,3.03,13.8,0.032,805,5298,0.82,90.7402
TOI-2207 b,8.001968,0.0854,11.153,203.41018,0.174,1259,6101,1.3,373.345
TOI-2236 b,3.5315902,0.05009,14.37,502.16888,0,1688,6248,1.34,355.59
TOI-2285 b,27.26955,0.1363,1.74,19.5,0.3,284,3491,0.45,42.409
TOI-2338 b,22.65398,0.158,11.209,1900.61387,0.676,799,5581,0.99,313.996
TOI-2364 b,4.0197517,0.04871,8.608,71.51139,0,1091,5306,0.95,219.614
TOI-2421 b,4.3474032,0.0543,10.368,105.83686,0,1534,5607,1.13,327.927
TOI-2497 b,10.655669,0.1166,11.142,1531.93292,0.195,1595,7360,1.86,285.289
TOI-2567 b,5.983944,0.0672,10.929,63.88351,0,1352,5611,1.13,504.775
TOI-257 b,18.38818,0.1528,7.163,43.86032,0,1027,6095,1.41,76.9028
TOI-2570 b,2.9887615,0.04145,13.641,260.61929,0,1431,5771,1.06,361.857
TOI-2583 A b,4.5207265,0.0571,14.46,79.4571,0,1456,5936,1.22,566.189
TOI-2587 A b,5.45664,0.0635,12.072,69.28659,0,1445,5760,1.15,373.675
TOI-2589 b,61.6277,0.3,12.106,1112.39942,0.522,592,5579,0.93,200.273
TOI-269 b,3.6977104,0.0345,2.77,8.8,0.425,531,3514,0.39,57.0225
TOI-270 b,3.3601538,0.03197,1.206,1.58,0.034,581,3506,0.39,22.4793
TOI-270 c,5.6605731,0.04526,2.355,6.15,0.027,488,3506,0.39,22.4793
TOI-270 d,11.379573,0.0721,2.133,4.78,0.032,387,3506,0.39,22.4793
TOI-2796 b,4.8084983,0.0569,17.262,139.8445,0,1205,5764,1.06,350.343
TOI-2803 A b,1.96229325,0.03185,18.114,309.8827,0,1893,6280,1.12,494.818
TOI-2818 b,4.039709,0.0493,15.278,225.65817,0,1376,5721,0.98,312.674
TOI-2842 b,3.5514058,0.0475,12.845,117.59651,0,1471,5910,1.14,460.995
TOI-3023 b,3.9014971,0.0505,16.432,197.05361,0,1596,5760,1.12,389.916
TOI-3235 b,2.59261842,0.02709,11.4,211.35589,0.029,604,3388.8,0.39,72.811
TOI-3331 A b,2.0180231,0.03144,12.98,721.47048,0,1488,5609,1.02,217.193
TOI-3364 b,5.8768918,0.0675,12.229,530.77344,0,1264,5706,1.19,277.899
TOI-3629 b,3.936551,0.043,8.295,82.63539,0.05,690,3870,0.63,130.091
TOI-3688 A b,3.246075,0.0456,13.081,311.47184,0,1534,5950,1.2,396.378
TOI-3693 b,9.088516,0.0813,12.599,324.18498,0,801,5321,0.87,176.436
TOI-3714 b,2.154849,0.027,11.321,222.47988,0.03,750,3660,0.53,112.71
TOI-3757 b,3.438753,0.03845,12,85.3,0.14,759,3913,0.64,181.139
TOI-3807 b,2.8989727,0.0421,18.495,330.54154,0,1646,5772,1.18,421.745
TOI-3819 b,3.2443141,0.04611,13.137,352.78953,0,1633,5859,1.24,558.141
TOI-3884 b,4.5445697,0.0354,6,16.5,0.32,463,3269,0.28,43.1448
TOI-3912 b,3.4936264,0.0463,14.28,129.03833,0,1512,5725,1.09,465.992
TOI-3976 A b,6.607662,0.0743,12.274,55.61997,0,1295,5975,1.25,516.087
TOI-4087 b,3.1774835,0.04469,13.047,232.01474,0,1458,6060,1.18,301.676
TOI-4137 b,3.8016122,0.05222,13.574,457.67291,0,1570,6202,1.31,334.993
TOI-4145 A b,4.0664428,0.04823,13.305,136.66622,0,1074,5281,0.91,205.387
TOI-421 b,5.19672,0.056,2.68,7.17,0.163,981,5325,0.85,74.7969
TOI-421 c,16.06819,0.1189,5.09,16.42,0.152,674,5325,0.85,74.7969
TOI-431 b,0.490047,0.0113,1.28,3.07,0,1862,4850,0.78,32.5686
TOI-431 d,12.46103,0.098,3.29,9.9,0,633,4850,0.78,32.5686
TOI-4406 b,30.08364,0.201,11.209,95.34852,0.15,904,6219,1.19,261.834
TOI-4463 A b,2.8807198,0.04036,13.26,252.35576,0,1395,5640,1.06,173.117
TOI-4562 b,225.11781,0.768,12.53,732,0.76,318,6096,1.19,339.605
TOI-4603 b,7.24599,0.0888,11.68,4096.80817,0.325,1677,6264,1.76,225.643
TOI-4791 b,4.28088,0.0555,12.442,734.18362,0,1472,6058,1.24,328.802
TOI-481 b,10.33111,0.097,11.097,486.2799,0.153,1370,5735,1.14,179.366
TOI-500 b,0.548177,0.01189,1.166,1.42,0.063,1617,4440,0.74,47.3924
TOI-5153 b,20.33003,0.158,11.882,1036.12061,0.091,906,6300,1.24,390.484
TOI-5205 b,1.630757,0.0199,11.6,343,0.02,737,3430,0.39,86.4493
TOI-530 b,6.387597,0.052,9.303,127.13136,0,565,3659,0.53,148.762
TOI-532 b,2.3266508,0.0296,5.82,61.5,0,867,3927,0.64,135.047
TOI-5542 b,75.12375,0.332,11.31,419.5335,0.018,441,5700,0.89,348.849
TOI-558 b,14.574071,0.1291,12.173,1147.36055,0.298,1061,6466,1.35,402.63
TOI-559 b,6.9839095,0.0723,12.229,1910.14873,0.151,1180,5925,1.03,233.266
TOI-561 b,0.4465688,0.0106,1.425,2,0,2310,5372,0.81,85.799
TOI-561 b,0.446573,0.01064,1.45,3.2,0,2480,5326,0.81,85.799
TOI-561 c,10.77892,0.0888,2.9,7,0,860,5326,0.81,85.799
TOI-561 c,10.778831,0.0884,2.91,5.39,0.03,800,5372,0.81,85.799
TOI-561 d,25.7124,0.158,2.82,13.2,0.122,598,5372,0.81,85.799
TOI-561 e,77.03,0.328,2.55,12.6,0.079,415,5372,0.81,85.799
TOI-564 b,1.651144,0.02734,11.433,464.98529,0.072,1714,5640,1,199.581
TOI-628 b,3.4095675,0.0486,11.882,2011.8639,0.072,1586,6250,1.31,178.68
TOI-640 b,5.0037775,0.06608,19.851,279.6904,0.05,1749,6460,1.54,341.997
TOI-674 b,1.977143,0.025,5.25,23.6,0,635,3514,0.42,46.0851
TOI-677 b,11.2366,0.1038,13.115,392.83788,0.435,1252,6295,1.18,141.812
TOI-763 b,5.6057,0.06,2.28,9.79,0.04,1038,5450,0.92,95.1274
TOI-763 c,12.2737,0.1011,2.63,9.32,0.04,800,5450,0.92,95.1274
TOI-776 b,8.24661,0.0652,1.85,4,0.06,514,3709,0.54,27.1701
TOI-776 c,15.6653,0.1,2.02,5.3,0.04,415,3709,0.54,27.1701
TOI-836 b,3.81673,0.0422,1.704,4.53,0.053,871,4552,0.68,27.5024
TOI-836 c,8.59545,0.075,2.587,9.6,0.078,665,4552,0.68,27.5024
TOI-892 b,10.62656,0.092,11.994,301.9385,0.125,1397,6261,1.28,340.543
TOI-905 b,3.739494,0.04666,13.126,211.99261,0.024,1192,5570,0.97,158.649
TOI-954 b,3.6849729,0.04963,9.55,55.30242,0.14,1526,5710,1.2,238.768
TrES-4 b,3.55392771,0.0516,20.602,157.00802,0.016,1795,6295,1.45,515.98
WASP-100 b,2.849375,0.0457,18.94,645.17,0,2190,6900,1.57,364.411
WASP-101 b,3.585722,0.0506,15.8,158.91,0,1560,6400,1.34,201.224
WASP-104 b,1.7554137,0.02918,12.745,404.263,0,1516,5475,1.08,185.932
WASP-105 b,7.87288,0.075,10.761,572.094,0,900,5070,0.89,169.272
WASP-106 b,9.289715,0.0917,12.162,611.797,0,1140,6055,1.19,352.181
WASP-107 b,5.72149,0.055,10.536,38.1396,0,770,4430,0.69,64.7414
WASP-11 b,3.722465,0.043,10.2,168.4499,0,960,4800,0.77,124.73
WASP-113 b,4.54216875,0.05885,15.793,150.96925,0,1496,5890,1.32,435.156
WASP-114 b,1.5487743,0.02851,15.009,562.24127,0.012,2043,5940,1.29,523.337
WASP-117 b,10.02165,0.09459,11.444,87.5585,0.302,1001,6038,1.13,157.963
WASP-118 b,4.0460435,0.05453,16.141,163.36462,0,1729,6410,1.32,376.658
WASP-119 b,2.49979,0.0363,15.693,390.9309,0.058,1600,5650,1.02,302.448
WASP-12 b,1.0914203,0.0234,21.297,467.2101,0,2580,6360,1.43,427.246
WASP-120 b,3.6112706,0.0514,16.511,1541.4755,0.057,1880,6450,1.39,381.174
WASP-121 b,1.2749255,0.02544,20.905,375.99289,0,2358,6459,1.35,269.898
WASP-123 b,2.9776412,0.04263,14.773,285.72917,0,1520,5740,1.17,197.996
WASP-124 b,3.37265,0.0449,13.899,190.698,0.017,1400,6050,1.07,448.637
WASP-126 b,3.2888,0.0449,10.761,88.9924,0.18,1480,5800,1.12,216.526
WASP-129 b,5.748145,0.0628,10.424,317.83,0.096,1100,5900,1,301.462
WASP-130 b,11.55098,0.1012,9.976,390.9309,0,833,5625,1.04,172.256
WASP-131 b,5.322023,0.0607,13.675,85.8141,0,1460,6030,1.06,200.075
WASP-132 b,7.133521,0.067,9.752,130.3103,0,763,4775,0.8,122.91
WASP-133 b,2.176423,0.0345,13.563,368.6828,0.17,1790,5700,1.16,559.084
WASP-139 b,5.924262,0.062,8.967,37.18611,0,910,5310,0.92,212.472
WASP-14 b,2.2437655,0.037,13.899,2412.3297,0.087,1872,6475,1.3,161.997
WASP-140 b,2.2359835,0.0323,16.141,775.5052,0.047,1320,5260,0.9,117.598
WASP-141 b,3.310651,0.0469,13.563,854.9627,0,1540,5900,1.25,516.543
WASP-142 b,2.052868,0.0347,17.15,266.9772,0,2000,6010,1.33,730.933
WASP-144 b,2.2783152,0.0316,9.528,139.8452,0,1260,5200,0.81,355.513
WASP-145 A b,1.7690381,0.0261,10.088,282.8687,0,1200,4900,0.76,91.299
WASP-147 b,4.60273,0.0549,12.498,87.40325,0,1404,5702,1.04,436.098
WASP-148 b,8.80381,0.0845,8.093,92.48853,0.22,940,5460,1,246.353
WASP-150 b,5.644207,0.0694,11.994,2688.8418,0.3775,1460,6218,1.39,527.995
WASP-151 b,4.533471,0.055,12.666,98.5273,0.003,1290,5871,1.08,453.099
WASP-153 b,3.332609,0.048,17.374,123.9537,0.009,1700,5914,1.34,610.176
WASP-156 b,3.836169,0.0453,5.717,40.68224,0.007,970,4910,0.84,122.066
WASP-157 b,3.9516205,0.0529,11.938,182.43442,0,1339,5838,1.26,334.037
WASP-158 b,3.656333,0.0517,11.994,886.7457,0,1590,6350,1.38,524.993
WASP-159 b,3.840401,0.0538,15.468,174.8065,0,1850,6120,1.41,715.383
WASP-160 B b,3.7684952,0.0452,12.218,88.35674,0,1119,5298,0.87,288.326
WASP-162 b,9.62468,0.0871,11.209,1652.716,0.434,910,5300,0.95,310.841
WASP-164 b,1.7771255,0.02818,12.644,676.9779,0,1610,5806,0.95,327.506
WASP-165 b,3.465509,0.04823,14.123,209.13214,0,1624,5599,1.25,602.236
WASP-166 b,5.44354,0.0641,7.062,32.10083,0,1270,6050,1.19,114.173
WASP-168 b,4.153658,0.0519,16.814,133.4886,0,1340,6000,1.08,303.941
WASP-169 b,5.6114118,0.0681,14.617,178.30263,0,1604,6110,1.34,627.066
WASP-17 b,3.735438,0.0515,22.317,154.46538,0.028,1771,6650,1.31,405.908
WASP-171 b,3.8186244,0.0504,10.985,344.52772,0,1642,5965,1.17,757.84
WASP-172 b,5.477433,0.0694,17.598,149.3801,0,1740,6900,1.49,538.11
WASP-173 A b,1.3866529,0.02508,14.404,1102.8701,0,1842,5767,1.09,232.98
WASP-173 A b,1.38665318,0.0248,13.451,1172.7927,0,1880,5800,1.05,232.98
WASP-174 b,4.2337005,0.05503,16.107,104.88337,0,1528,6399,1.24,410.149
WASP-175 b,3.0652907,0.04403,13.54,314.6517,0,1571,6229,1.21,539.36
WASP-176 b,3.899052,0.0535,16.87,271.74465,0,1721,5941,1.34,568.42
WASP-178 b,3.3448412,0.0545,21.745,448.1403,0,2402,8640,1.93,427.678
WASP-178 b,3.3448285,0.0558,20.288,527.5978,0,2470,9360,2.07,427.678
WASP-18 b,0.94145223,0.02024,13.899,3241.84975,0.0051,2429,6432,1.29,123.483
WASP-180 A b,3.409264,0.048,13.899,286.047,0,1540,6600,1.3,253.985
WASP-182 b,3.3769848,0.0451,9.528,47.03884,0,1479,5638,1.08,327.602
WASP-184 b,5.1817,0.0627,14.908,181.1631,0,1480,6000,1.23,663.231
WASP-185 b,9.38755,0.0904,14.011,311.4734,0.24,1160,5900,1.12,279.35
WASP-189 b,2.724033,0.05053,18.147,632.47853,0,3353,8000,2.03,99.731
WASP-19 b,0.78883899,0.01634,15.603,339.76027,0.002,2520,5568,0.9,268.325
WASP-19 b,0.78883852,0.01652,15.861,366.77398,0.0126,2113,5616,0.96,268.325
WASP-190 b,5.367753,0.0663,12.89,317.83,0,1500,6400,1.35,542.251
WASP-192 b,2.8786765,0.0408,13.787,731.009,0,1620,5910,1.09,508.885
WASP-20 b,4.8996284,0.06,16.388,98.841,0,1379,5940,1.2,211.877
WASP-22 b,3.53269,0.0468,12.554,177.9848,0.023,1430,6000,1.1,317.652
WASP-26 b,2.7566,0.04,14.796,324.18498,0,1660,5950,1.12,252.759
WASP-28 b,3.40883,0.04469,13.597,288.26,0,1468,6150,1.02,348.494
WASP-34 b,4.3176782,0.0524,13.675,187.51,0.038,1250,5700,1.01,132.096
WASP-41 b,3.052404,0.04,13.227,298.7602,0.026,1244,5545,0.93,163.371
WASP-43 b,0.81347398,0.01504,11.276,635.02434,0,1427,4500,0.69,86.7467
WASP-48 b,2.14363544,0.0332,15.65,288,0,1956,6000,1.06,454.144
WASP-49 b,2.7817362,0.03873,13.428,126.81417,0,1400,5600,1,194.553
WASP-5 b,1.6284279,0.0267,12.184,502.15,0.038,1706,5700,0.96,309.137
WASP-5 b,1.6284296,0.02683,12.218,502.15,0,1753,5880,0.97,309.137
WASP-52 b,1.7497798,0.0272,14.24,146.2,0,1315,5000,0.87,174.818
WASP-53 b,3.3098443,0.04101,12.038,677.61356,0.03,1053,4953,0.84,201.338
WASP-54 b,3.6936411,0.04987,18.528,202.131,0.067,1759,6100,1.21,251.303
WASP-56 b,4.617101,0.05458,12.24,181.473,0,1216,5600,1.02,321.084
WASP-57 b,2.838971,0.0386,10.267,213.573,0,1251,5600,0.95,398.276
WASP-58 b,5.01718,0.0561,15.36,282.86,0,1270,5800,0.94,290.404
WASP-59 b,7.919585,0.0697,8.687,274.276,0.1,670,4650,0.72,115.936
WASP-6 b,3.36100208,0.0414,13.787,154.14755,0.054,1184,5375,0.84,197.119
WASP-60 b,4.3050011,0.0531,9.64,163.358,0,1320,5900,1.08,431.052
WASP-61 b,3.855898,0.0521,13.563,654.7298,0,1624,6250,1.27,488.66
WASP-62 b,4.41194,0.0571,15.02,184.3414,0,1475,6230,1.28,175.631
WASP-64 b,1.5732918,0.02648,14.247,403.945,0,1689,5400,1,369.926
WASP-65 b,2.3114243,0.0334,12.464,492.62,0,1480,5600,0.93,273.703
WASP-68 b,5.084298,0.06206,13.9,301.93,0,1490,5911,1.24,226.399
WASP-69 b,3.8681382,0.04525,9.113,82.632,0,963,4715,0.83,49.9605
WASP-69 b,3.8681382,0.04525,11.848,82.6358,0,963,4700,0.83,49.9605
WASP-7 b,4.954658,0.0618,10.256,305.1168,0,1379,6400,1.28,162.303
WASP-70 A b,3.7130203,0.04853,13.047,187.512,0,1387,5763,1.11,222.355
WASP-71 b,2.9036747,0.04619,16.37,712.545,0,2049,6059,1.56,362.715
WASP-72 b,2.2167421,0.03708,14.24,491.3763,0,2210,6250,1.39,434.754
WASP-73 b,4.08722,0.05512,13.002,597.5,0,1790,6036,1.34,316.678
WASP-74 b,2.13775,0.037,17.486,301.9385,0,1910,5970,1.48,149.216
WASP-75 b,2.484193,0.0375,14.235,340.06,0,1710,6100,1.14,294.001
WASP-76 b,1.809886,0.033,20.512,292.4036,0,2160,6250,1.46,194.459
WASP-77 A b,1.36002854,0.02335,13.787,529.81995,0.0074,1715,5617,0.9,105.166
WASP-78 b,2.17517632,0.0362,19.055,282.857,0,2350,6100,1.33,754.258
WASP-78 b,2.175173,0.0367,23.091,273.3338,0,2470,6100,1.39,754.258
WASP-79 b,3.662392,0.0519,17.15,270.1555,0,1716,6600,1.39,246.69
WASP-79 b,3.6623866,0.0535,23.43,286.03,0,1900,6600,1.52,246.69
WASP-80 b,3.06785234,0.0344,11.198,170.99254,0.002,825,4143,0.58,49.7876
WASP-81 b,2.7164762,0.03908,16.018,231.69807,0.066,1623,5870,1.08,398.505
WASP-82 b,2.705782,0.0447,18.719,394.1092,0,2190,6490,1.63,275.664
WASP-82 b,2.705785,0.0448,19.17,397.27,0,2200,6480,1.64,275.664
WASP-83 b,4.971252,0.059,11.657,95.349,0,1120,5510,1.11,271.103
WASP-84 b,8.5234865,0.0771,10.559,220.565,0,797,5314,0.84,100.588
WASP-84 b,8.5234962,0.0775,10.94,218.34921,0,833,5280,0.85,100.588
WASP-85 A b,2.6556777,0.039,13.899,402.05495,0,1452,6112,1.09,141.887
WASP-88 b,4.954,0.06431,19.055,177.98,0,1772,6431,1.45,523.756
WASP-89 b,3.3564227,0.0427,11.657,1875.197,0.193,1120,5130,0.92,290.946
WASP-90 b,3.916243,0.0562,18.271,200.2329,0,1840,6430,1.55,466.433
WASP-91 b,2.798581,0.037,11.545,425.8922,0,1160,4920,0.84,149.942
WASP-92 b,2.1746742,0.0348,16.376,255.85315,0,1871,6280,1.19,575.889
WASP-93 b,2.7325321,0.04211,17.901,467.2101,0,1942,6700,1.33,370.284
WASP-94 A b,3.9501907,0.055,19.28,143.653,0.13,1604,6153,1.45,211.211
WASP-95 b,2.184673,0.03416,13.56,359.13,0,1570,5630,1.11,137.544
WASP-96 b,3.4252602,0.0453,13.45,152.55,0,1285,5540,1.06,352.464
WASP-97 b,2.07276,0.03303,12.67,419.52,0,1555,5640,1.12,151.068
WASP-98 b,2.96264,0.036,12.33,263.79,0,1180,5525,0.69,281.742
WASP-99 b,5.75251,0.0717,12.33,883.53,0,1480,6180,1.48,158.66
WD 1856+534 b,1.4079405,0.0204,10.4,4386.054,0,163,4710,0.52,24.7359
WTS-1 b,3.352057,0.047,16.7,1274.44,0.1,1500,6250,1.2,2346.01
Wendelstein-1 b,2.663416,0.0282,11.561,188.15536,0.012,2198,4251,0.65,305.3
Wendelstein-2 b,1.7522239,0.0234,12.993,232.33373,0.057,2470,4591,0.73,565.541
Wolf 503 b,6.00127,0.05706,2.043,6.26,0.41,790,4716,0.69,44.526
XO-5 b,4.1877558,0.0515,12.78,378.2,0,1230,5430,1.04,276.211
XO-6 b,3.7650007,0.0815,23.203,1398.452,0,1577,6720,1.47,235.479
XO-7 b,2.8641424,0.04421,15.39,225.34147,0.038,1743,6250,1.41,234.149
pi Men c,6.2679,0.06839,2.042,4.82,0,1170,6037,1.09,18.2702
pi Men c,6.26834,0.06702,2.06,4.52,0,1147,5870,1.02,18.2702
